{
  "typeName": "EQ::MONITOR::NAGIOS",
  "description": "Nagios monitoring server in AWS",
  "properties": {
    "Name": {
      "type": "string",
      "description": "Name of the Nagios server."
    },
    "Id": {
      "type": "string",
      "description": "Instance Id of the nagios server."
    },
    "IP": {
      "type": "string",
      "description": "IP of the nagios server."
    },
    "URL": {
      "type": "string",
      "description": "IP of the nagios server."
    },
    "Role": {
      "type": "string",
      "description": "Name of the server Role"  
    },
    "PolicyArn": {
      "type": "string",
      "description": "ARN of the server Policy"  
    },
    "InstanceProfile": {
      "type": "string",
      "description": "Name of the instance profile"  
    },
    "SubnetId": {
      "type": "string",
      "description": "Subnet where instance is deployed"  
    },
    "SecurityGroupId": {
      "type": "string",
      "description": "Security group id"  
    }
  },
  "additionalProperties": false,
  "required": [
    "SubnetId",
    "SecurityGroupId"
  ],
  "createOnlyProperties": [
    "/properties/SubnetId",
    "/properties/SecurityGroupId"
  ],
  "readOnlyProperties": [
    "/properties/Id",
    "/properties/IP",
    "/properties/URL",
    "/properties/Role",
    "/properties/PolicyArn",
    "/properties/InstanceProfile"
  ],
  "primaryIdentifier": [
    "/properties/Id"
  ],
  "handlers": {
    "create": {
      "permissions": [
        "ec2:*",
        "ssm:GetParameter",
        "ssm:PutParameter",
        "logs:CreateLogStream",
        "logs:DescribeLogGroups",
        "logs:PutMetricData",
        "logs:PutLogEvents",
        "iam:CreateRole",
        "iam:CreatePolicy",
        "iam:AttachRolePolicy",
        "iam:CreateInstanceProfile",
        "iam:AddRoleToInstanceProfile",
        "iam:PassRole"
      ]
    },
    "read": {
      "permissions": [
        "ssm:GetParameter",
        "logs:CreateLogStream",
        "logs:DescribeLogGroups",
        "logs:PutMetricData",
        "logs:PutLogEvents"
      ]
    },
    "delete": {
      "permissions": [
        "ec2:*",
        "ssm:DeleteParameter",
        "logs:CreateLogStream",
        "logs:DescribeLogGroups",
        "logs:PutMetricData",
        "logs:PutLogEvents",
        "iam:RemoveRoleFromInstanceProfile",
        "iam:DeleteInstanceProfile",
        "iam:DetachRolePolicy",
        "iam:DeletePolicy",
        "iam:DeleteRole"
      ]
    },
    "update": {
        "permissions": [
          "ec2:*",
          "logs:CreateLogStream",
          "logs:DescribeLogGroups",
          "logs:PutMetricData",
          "logs:PutLogEvents"
        ]
    },
    "list": {
        "permissions": [
          "ssm:GetParametersByPath"
          ]
    }
  }
}
