{
    "credentials": {
        "accessKeyId": "",
        "secretAccessKey": "",
        "sessionToken": ""
    },
    "action": "CREATE",
    "request": {
        "clientRequestToken": "9910000",
        "desiredResourceState": {
            "Name": "MyNagiosServer",
            "Id": "",
            "SubnetId": "",
            "SecurityGroupId": ""
        },
        "previousResourceState": null,
        "logicalResourceIdentifier": "MyResource"
    },
    "callbackContext": null,
    "region": "us-east-1"
}
