{
    "credentials": {
        "accessKeyId": "",
        "secretAccessKey": "",
        "sessionToken": ""
    },
    "action": "CREATE",
    "request": {
        "clientRequestToken": "9910000",
        "stackId": "0bd0bc49c3fb1d253",
        "desiredResourceState": {
            "Name": "A Nagios Server",
            "SubnetId": "subnet-0bd0bc49c3fb1d253",
            "SecurityGroupIds": ["sg-0f00adc83d20d240b"]
        },
        "previousResourceState": null,
        "logicalResourceIdentifier": "MyResource"
    },
    "callbackContext": null,
    "region": "us-east-1"
}
